{
  "best_epoch": 5930,
  "best_score": -625.119268333332,
  "step_costs": {
    "0": 20927.82070233333,
    "1": 20557.852375666665,
    "2": 20543.941220916662,
    "3": 20053.376212083334,
    "5": 20055.635927333333
  },
  "adapt_steps": [
    0,
    1,
    2,
    3,
    5
  ],
  "checkpoint_selection": "weighted_adaptation_gain",
  "gain_weights": {
    "0": 0.0,
    "1": 0.25,
    "2": 0.25,
    "3": 0.25,
    "5": 0.25
  },
  "interval": 10,
  "best_save_start_epoch": 5500,
  "save_best_from_last_epochs": 500,
  "validation_num_tasks": 5,
  "validation_seed": 2026
}