{
  "best_epoch": 1970,
  "best_score": 23364.51485883333,
  "step_costs": {
    "0": 23279.620480416663,
    "1": 23859.95483583333,
    "3": 22973.60351675,
    "5": 23344.88060233333
  },
  "adapt_steps": [
    0,
    1,
    3,
    5
  ],
  "interval": 10,
  "validation_num_tasks": 5,
  "validation_seed": 2026
}