{
  "best_epoch": 500,
  "best_score": 23300.6101335,
  "step_costs": {
    "0": 23561.552728166665,
    "1": 23539.2510555,
    "3": 23103.669525,
    "5": 22997.967225333326
  },
  "adapt_steps": [
    0,
    1,
    3,
    5
  ],
  "interval": 20,
  "validation_num_tasks": 5,
  "validation_seed": 2026
}